4917994	1	Tom got fat.
4918078	1	Do you want to go and see a film this evening?
4918091	1	I can''t tell you my plans.
4918098	1	I can''t tell you what my plans are.
4918101	1	This offer is valid for five days.
4918108	1	He likes to eat raw carrots.
4918110	1	Would you like a glass of red wine?
4918118	1	I shared the recipe for gluten-free bread.
4918128	1	I don''t remember the combination.
4918138	1	The fear of failure is one of the most common fears in the world.
4918140	1	The fear of failure is one of the most widespread fears in the world.
4918178	1	He has nothing in common with her.
4918704	1	He hid his feelings.
4918705	1	He disguised his feelings.
4918778	1	I''m glad Tom isn''t here.
4918932	1	I''m going to meet Tom.
4918948	1	Tom isn''t going to win.
4918952	1	Everybody''s ready to go.
4918958	1	I wonder what''s going on.
4918959	1	I''m going to miss Boston.
4918974	1	Things are going too fast.
4918991	1	I''m not going to name names.
4918994	1	Tom is afraid to go outside.
4919000	1	Everyone''s going to be tired.
4919001	1	Is that going to happen soon?
4919003	1	Nobody''s going to rescue you.
4919010	1	What''s going to be different?
4919011	1	Where''s all that money going?
4919018	1	Everyone knows what''s going on.
4919020	1	Somebody''s going to notice you.
4919022	1	Tom is going to be heartbroken.
4919023	1	Do you think it''s going to snow?
4919024	1	Negotiations are still going on.
4919026	1	There''s something going on here.
4919028	1	Tom understands what went wrong.
4919029	1	Do you think that''ll happen soon?
4919030	1	I''m going to need some more time.
4919031	1	Tom went to Boston with a friend.
4919032	1	I''m going to need some more money.
4919033	1	I think Tom will go there tomorrow.
4919034	1	I wish everyone would just go away.
4919036	1	We''re going to be here all afternoon.
4919037	1	It''s going to be difficult to do that.
4919038	1	Tom and Mary went on a shopping spree.
4919039	1	I''m pretty sure that it won''t snow today.
4919040	1	Is Tom really going to Boston by himself?
4919041	1	I''m not going to do that unless you help me.
4919042	1	It''s going to take a while to get this done.
4919043	1	It''s going to be a while until Tom gets here.
4919044	1	It''s going to be difficult for us to do that.
4919046	1	It''s going to take me a while to get this done.
4919047	1	I often go out for a short walk just after lunch.
4919048	1	We''re going to keep doing this until someone tells us that we can''t.
4919815	1	In many countries, the death penalty is the most severe punishment.
4919862	1	Students here get their textbooks for free.
4919876	1	Tom has a scar on his face.
4919877	1	Tom likes raw carrots.
4919878	1	Tom likes eating raw carrots.
4919893	1	Dinosaurs could appear on Earth soon.
4921063	1	"They put forward the idea that ""a war will break out."""
4921077	1	They aim to stir unease in societies.
4921124	1	You have perfect eyesight.
4921439	1	I haven''t yet graduated.
4921440	1	Tom will graduate in October.
4921441	1	Tom just graduated from Harvard.
4921445	1	I''ll take that for granted.
4921446	1	We take nothing for granted.
4921447	1	We''ll take that for granted.
4921449	1	Tom is all grown up.
4921450	1	My kids grew up here.
4921452	1	Tom needs to grow up.
4921453	1	Tom grew a long beard.
4921454	1	The list keeps growing.
4921455	1	Tom has three grown sons.
4921456	1	The economy is growing fast.
4921457	1	Tom has three grown children.
4921458	1	Plants need sunlight to grow.
4921459	1	Radishes aren''t difficult to grow.
4921460	1	Go ahead and try it.
4921461	1	I want everybody to leave.
4921464	1	I''m sure this will happen again.
4921466	1	We''ll be ready by the time you get here.
4921559	1	2015 was the International Year of Soil and also the International Year of Light.
4921562	1	2016 is the International Year of Pulses.
4921564	1	2016 was declared the International Year of Pulses by the United Nations General Assembly.
4921584	1	"Who is your favorite female character in ""War and Peace""?"
4921587	1	She has a big house and two cars.
4921591	1	Do you still love me a little?
4921597	1	School isn''t for me.
4921600	1	No, today I''m not going to school.
4921645	1	The list keeps getting longer.
4921646	1	I was still living with my parents then.
4921895	1	I was born in Argentina, but I was educated in Brazil.
4921908	1	You shouldn''t speak to your parents that way.
4921912	1	We''re no longer living in the stone age.
4921927	1	If you understand, please raise your hand.
4921929	1	If you don''t understand, please raise your hand.
4921953	1	This video is the shit.
4921969	1	Were you born in the 20th century or in the 21st?
4921980	1	This school supplies textbooks to its students.
4922029	1	Get rid of such stupid ideas!
4922060	1	Please place all articles not related to the lesson inside your bag.
4922109	1	The train will remain at this station for approximately 2 minutes.
4922114	1	Is there anyone who can''t come tomorrow?
4922360	1	I will get off the train at the next station.
4922440	1	It''s hard for me to understand Italian when it is spoken quickly.
4922500	1	We are such stuff as dreams are made on, and our little life is rounded with a sleep.
4922501	1	Did you plan to eat all of that yourself?
4922599	1	Jane Goodall is a primatologist and an expert on chimpanzees.
4922600	1	Jane Goodall discovered that chimpanzees could use tools.
4922610	1	Jane Goodall discovered that chimpanzees are omnivorous, not vegetarian.
4922781	1	Tom painted the barn red.
4922783	1	We need to repaint the barn.
4922788	1	Tom had a crisis of faith.
4922888	1	What movies have you seen recently?
4922903	1	Let''s ask her when she gets back home.
4923008	1	At this moment someone opened the door to my prison cell.
4923087	1	The knight fell in battle.
4923252	1	If there''s some way to enjoy studying, could you teach me how?
4923330	1	She is terrified of hospitals.
4923385	1	We can open the windows.
4923386	1	There''s a lot at stake.
4923388	1	I hope Tom isn''t looking for us.
4923389	1	I''m saving as much as I can.
4923505	1	When acid comes in contact with metal, it causes a chemical reaction.
4923520	1	It''s cold outside, so he came inside the room.
4923528	1	These aren''t just any 3-D glasses.
4923529	1	Well, what shall we do for fun today...
4923659	1	Are you older than Tom?
4923702	1	I don''t watch TV very much.
4923703	1	I almost never watch TV.
4924133	1	They are going to get married tomorrow.
4924668	1	Who do you think is the tennis GOAT?
4924669	1	Who do you think is the G.O.A.T. of tennis?
4925205	1	Why don''t we just agree to disagree?
4925275	1	Just a little bit is left.
4925612	1	Even the best tennis players shank their shots occasionally.
4925615	1	Is this a fact or an opinion?
4925617	1	I have clearly demonstrated that you''ve lost the argument.
4925633	1	Kokkinakis banged your girlfriend. Sorry to tell you that, mate.
4926327	1	Tom and I are here ot help.
4926349	1	I am used to not to smoke.
4926420	1	Tell her I miss her.
4926543	1	I''ll buy what I need tomorrow.
4926652	1	It''ll only take a minute of your time.
4926662	1	They''re dimming the lights. The play is about to begin.
4926859	1	Should we stay or should we go?
4927263	1	She plays volleyball better than I.
4927267	1	He knows me better than I know myself.
4927304	1	She had less free time than I.
4927317	1	A bear is bigger than I.
4927439	1	The Mona Lisa is smaller than I thought.
4927473	1	Tom didn''t admit his mistake.
4927622	1	The average woman is taller than me.
4927625	1	Tom doesn''t have as much free time as I do.
4927651	1	Mary sewed her own wedding dress.
4927652	1	Mary is a good seamstress.
4927663	1	You are so annoying!
4927667	1	I warned him not to come here.
4927668	1	I warned her not to come here.
4927669	1	I warned them not to come here.
4927674	1	Tom is a terrible dancer.
4927675	1	Tom is a terrible kisser.
4927677	1	Tom is an Egyptologist.
4927681	1	He is learning very quickly.
4927715	1	This is the lake''s deepest point.
4927717	1	Tom is on the ship''s deck.
4927720	1	Tom may say something.
4927725	1	I have to charge my mobile phone.
4927726	1	I do not know what you mean.
4927748	1	I was trying to forget everything.
4927757	1	Can you show me another room?
4927773	1	He was young and foolish.
4927774	1	She was young and foolish.
4927776	1	I know what she''s capable of.
4927945	1	I went to bed at 9pm, but fell asleep at 10pm.
4928204	1	I can''t go even if I want to.
4928739	1	Prepare to have your mind blown.
4929243	1	Most Hollywood movies have happy endings
4929262	1	I was happy there.
4929353	1	A heavy frost is expected.
4929354	1	A heavy frost is expected tonight.
4929373	1	Though a man may go out to battle a thousand times against a thousand men, if he conquers himself, he is the greatest conqueror.
4929376	1	It is easy to see the fault of others, but it is hard to see one''s own.
4929415	1	Tom lost most of his belongings in the fire.
4929470	1	I love to watch people''s reactions when I say who I am.
4930441	1	This might sound strange, but he has suddenly disappeared.
4931153	1	I see the moon and the stars.
4931164	1	Free Caucasus!
4931173	1	He is getting fat.
4931455	1	Better not to yearn for impossible dreams.
4931548	1	I have never seen any reason to be frightened of the dark.
4931568	1	What the fuck are you talking about?
4931581	1	You are like cassandra.
4931713	1	Which color do you think she prefers?
4931736	1	In the Torah Lot offers his virgin daughter''s to be gang raped.
4931840	1	Let''s all help Tom.
4931841	1	Let''s give Tom a round of applause.
4931900	1	What is that little mound in the middle of the field?
4932005	1	Tom didn''t buy bread.
4932007	1	As I recall, Tom''s house is a little farther in from the main road.
4932008	1	You need to drive farther south to reach Boston.
4932009	1	The old man''s house is further up the road.
4932011	1	His name is further down the list.
4932076	1	This expression is very Chinese.
4932142	1	Tom would''ve been very proud of you.
4932227	1	Which color do you think Tom prefers?
4932231	1	Which color do you think Tom will like better?
4932239	1	I love to see people''s reactions when I tell them who I am.
4932242	1	I couldn''t go with you even if I wanted to.
4932674	1	My little daughter likes to sit on my shoulders.
4933315	1	I would like you to trust me.
4933460	1	Everybody was waiting the same fate - death.
4933755	1	Don''t be gross.
4933859	1	He recounted the accident to me as if he had seen it with his own eyes.
4933875	1	Tom and Mary have been married for over 30 years.
4933876	1	Tom and Mary will be celebrating their thirtieth wedding anniversary on Monday.
4933883	1	Good-looking people are good-looking no matter what they wear.
4934693	1	I will drink for you in spirit.
4935021	1	I''m saving up for my old age.
4935546	1	There were armed guards everywhere.
4935549	1	Guess what his name is.
4935551	1	I guess I''m in big trouble.
4935552	1	I guess it''s pretty cool.
4935555	1	I guess everyone makes mistakes.
4935557	1	I hired a guide.
4935558	1	Our tour guide''s name was Tom.
4935562	1	Can you handle the truth?
4935570	1	I''ve been trying to handle this myself.
4935571	1	I hung up the phone.
4935573	1	We were just hanging out.
4935575	1	Tom often hangs out with John and Mary.
4935577	1	You should go hang out with your friends.
4935578	1	I saw several people hanging out in the park.
4935635	1	I liked this striped shirt.
4935937	1	Barbie has blond hair and blue eyes.
4935938	1	Tom is a social drinker.
4935939	1	Mary is a social drinker.
4936238	1	Is it OK if I open the curtain?
4936242	1	The bus had already left by the time my wife was finished dressing.
4936622	1	Would you please tell me your name again?
4937185	1	Nothing phases you.
4937818	1	What happened was a misunderstanding.
4937820	1	That kind of thing happens every day.
4937824	1	That''s been happening every morning.
4937834	1	The same thing happened on Monday.
4937835	1	Something similar happened to Tom.
4937838	1	Remember what happened last year.
4937847	1	Tom''s aware of what''s happening.
4937859	1	You never know what''ll happen.
4937865	1	Something incredible happened.
4937868	1	An awful thing happened today.
4937875	1	This must never happen again.
4937899	1	What happened to the money?
4937901	1	We know what happened next.
4937908	1	It won''t happen right away.
4937909	1	I''ve seen it happen before.
4937914	1	Tom is sure it''ll happen.
4937915	1	That may be what happened.
4937917	1	Now we know what happened.
4937918	1	It''s never happened to me.
4937919	1	It may never happen again.
4937925	1	What happened last week?
4937933	1	It''ll happen soon.
4938160	1	Apparently you''re right.
4938419	1	May I go buy some ice cream?
4938420	1	Can I go buy some ice cream?
4938477	1	I didn''t have to pay.
4938478	1	I didn''t have to do anything.
4938542	1	That''s not what I wanted to show you.
4938543	1	That''s not what I wanted to tell you.
4938588	1	I think I have a broken rib.
4938639	1	Tom said you wouldn''t go.
4938972	1	I could do with some water.
4938979	1	I could really do with a grilled chicken right now.
4939116	1	Tom often thought about Mary.
4939117	1	Maria named her dog Rex.
4939201	1	Where are you, Charles?
4939845	1	I want to gain time.
4939878	1	Well, nobody is perfect!
4939893	1	I was just kidding when I said that.
4939894	1	I meant that as a joke.
4940061	1	Is this cage meant to protect against sharks?
4940139	1	Please don''t shout.
4940817	1	Harnessing the power of the tides could be very helpful to coastal communities.
4940906	1	I prefer to walk rather than stay here waiting for the bus.
4940910	1	You don''t know what Esperanto is?
4940997	1	One can never forget how to ride a bicycle.
4941109	1	Crimea is Ukraine!
4941180	1	He has gotten fat.
4941341	1	Today is Friday. The weekend starts already tomorrow!
4942073	1	Do you know the movie Avatar?
4942316	1	They have no children, to the best of my knowledge.
4942386	1	Why are you still up? You should get to bed.
4942545	1	Now I am happy!
4943309	1	Please do whatever you find necessary.
4943315	1	Put on your hiking shoes and don''t waste time.
4943320	1	The refugees suffered physically and emotionally.
4943323	1	She has a little black dog.
4943325	1	He was lucky enough to catch the train.
4943326	1	He was fortunate enough to catch the train.
4943327	1	I hate people who talk like that.
4943334	1	After winter comes spring.
4943336	1	The wet clothes stick to my skin.
4943337	1	How can we get past this crisis?
4943338	1	I won''t do it myself. You need to help me.
4943340	1	I can''t distinguish between them.
4943341	1	I can''t tell them apart.
4943344	1	The mouse was running around under the bed.
4943347	1	He lives in New York.
4943374	1	The whole country is talking about it.
4943484	1	There''s no magic bullet.
4943518	1	Mary is a stay-at-home mom.
4943539	1	She was the love of his life.
4943546	1	Tom was diagnosed with ADHD.
4943561	1	He was the love of her life.
4943562	1	She often said that he was the love of her life.
4943564	1	He is the love of my life.
4943565	1	She is the love of my life.
4943602	1	Could you lower the volume of the television?
4943630	1	I''m rarely invited to parties.
4943631	1	Do you have a big family?
4943642	1	Tom won the Oscar for Best Supporting Actor.
4944014	1	Can you hear the cat? She''s wanting in.
4944031	1	He always repeats the same error.
4944034	1	He always repeats the same mistake.
4944292	1	Tom is naked from the waist up.
4944512	1	He not only speaks English, he speaks French as well.
4944796	1	Do you have a large family?
4945431	1	Tom has high moral standards.
4945447	1	The other girls teased her about her clothes.
4945616	1	Life and death are two sides of the same coin.
4945636	1	You have a lot to learn about women.
4945637	1	You have a lot to learn about men.
4945638	1	You still have a lot to learn about women.
4945643	1	Let''s discuss this over lunch.
4945644	1	The ship disappeared without a trace.
4945645	1	Let''s discuss our options.
4945646	1	We need to discuss this with Tom.
4945647	1	Let''s not discuss this now.
4945648	1	We should discuss this in private.
4945649	1	I don''t want to discuss this now.
4945652	1	He did not find it funny.
4945653	1	She did not find it funny.
4945656	1	I wanted to sell it anyway.
4945657	1	I wanted to buy a new one anyway.
4945658	1	I wanted to replace it anyway.
4945660	1	The house was very dusty.
4945661	1	She looked lovely.
4945663	1	My heart was filled with joy.
4945664	1	Mary looked like Belle from the Beauty and the Beast.
4945666	1	She lounged by the pool.
4945669	1	This painting is a forgery.
4945670	1	Where did you find that dress?
4945713	1	Tom and Mary built a snow fort in the backyard.
4945788	1	He was talking to a girl.
4945791	1	I saw Tom yesterday in a restaurant. He was talking to a girl.
4945799	1	Tom said that he didn''t want to be disturbed.
4945806	1	Tom was found dead in his study.
4945808	1	Who would do such a terrible thing?
4945859	1	Tom was successful in finding a new job in Boston.
4945862	1	Tom succeeded in finding a new job in Boston.
4945866	1	If I fail to find a new job in Boston within 6 months, I will return to Chicago.
4946243	1	I dropped them off at the airport.
4946774	1	I knew that she had drawn well in her childhood.
4946791	1	John said that he had met this man at the conference.
4947002	1	He is not the person these people think he is.
4947705	1	I have orchids of different shapes and colors.
4947706	1	The first gasoline powered automobile was invented in 1886 by Karl Benz.
4947711	1	The Locomotive Act of 1865 required cars driving on public roads to be preceded by a man on foot waving a red flag and blowing a horn.
4947718	1	Amédée Bollée built one of the first steam-powered automobiles in 1873.
4947721	1	The diesel engine was invented by Rudolf Diesel.
4947728	1	Tom is a bellfounder.
4947729	1	Tom is a bell maker.
4947749	1	Many early cars used a tiller instead of a steering wheel.
4947784	1	Oslo wants to make its center car-free within four years.
4947876	1	We knew Tom wouldn''t be late.
4947879	1	Tom is very unlikely to be late.
4947882	1	When was the last time Tom was late?
4947888	1	I dropped Tom off at the airport.
4947889	1	Tom said he didn''t find it funny.
4948382	1	She poured the molten lead into a funnel.
4948416	1	Don''t smoke so much.
4948417	1	Don''t smoke so heavily.
4948472	1	I''ll find the money somehow.
4948483	1	I''m sorry. I shouldn''t have said that.
4948487	1	It was Mary''s greatest wish to look just like her Barbie doll. The evil genie interpreted this wish too literally.
4948525	1	She devoted all her spare time to fishing.
4948545	1	The very day I got married, my mom died.
4948546	1	I''ll call you when I arrive in Boston.
4948547	1	I''ll call you when I get to Boston.
4949128	1	You have no idea what you''re talking about.
4949388	1	My mother died on the same day I got married.
4949937	1	Tom looked sick.
4949941	1	The meeting lasted one hour.
4949942	1	I know you hate it.
4949944	1	No wonder Tom hates us.
4949946	1	People need to stop hating.
4949949	1	Tom hates his tiny bedroom.
4949950	1	Tom hates being left alone.
4949953	1	I''ve heard that many times.
4949954	1	That''s really nice to hear.
4950009	1	Cleopatra was very smart. She spoke at least nine languages.
4950438	1	I wonder what Tom would think about this.
4950439	1	I wonder what Tom thinks about this.
4950723	1	We help each other.
4950728	1	Is Tom helping Mary?
4950730	1	Will I get any help?
4950733	1	Tom tried to help us.
4950734	1	No one was helping us.
4950740	1	I think Tom needs help.
4950743	1	Please help if you can.
4950746	1	Tom needs to be helped.
4950748	1	Tom says he needs help.
4950755	1	They say they need help.
4950760	1	We''re ready to help you.
4950763	1	Tom really helped me out.
4950765	1	Thanks for helping me out.
4950766	1	Thanks for your help, Tom.
4950769	1	Help is already on the way.
4950773	1	You''ve been really helpful.
4950776	1	Tom is always ready to help.
4950779	1	Laughter helps ease the pain.
4950784	1	Anything you remember might help.
4950786	1	If you did that for me, it would help a lot.
4950880	1	I''m supposed to be here all afternoon.
4951200	1	Why are you doing this to yourself?
4951203	1	What exactly are you trying to prove?
4951710	1	Tom is learning programming.
4951713	1	Tom can type very fast.
4951716	1	Tom''s new assistant can type very fast.
4951947	1	Tom and I are very close friends.
4952190	1	Nothing is wrong with you. It''s not your fault.
4952257	1	"""Where did you have lunch?"" ""At a restaurant."""
4952258	1	Please don''t torment me any longer.
4952260	1	Does this mean that you love me?
4952262	1	I don''t want to be cruel.
4952263	1	Does this mean that you don''t love me anymore?
4953361	1	We''re hoping that''s not true.
4953363	1	I''m secretly hoping for that.
4953366	1	That''s what I''m hoping for.
4953369	1	I hope no one was injured.
4953373	1	I really hope I''m wrong.
4953374	1	I hope to see you there.
4953375	1	I hope this is accurate.
4953376	1	I hope that you like it.
4953378	1	I hope this isn''t true.
4953380	1	Let''s never lose hope.
4953381	1	I hope Tom does that.
4953382	1	Hopefully, we''ll win.
4953383	1	We hope you like it.
4953385	1	I hope Tom loses.
4953743	1	"""Okay, now I''ve been completely honest with you."" ""Honest, my ass! I don''t believe a single word you say."""
4953812	1	Sorry, I don''t follow.
4953814	1	Please forgive me for butchering the pronunciation.
4953881	1	I wanted to talk some more, but she hung up.
4953886	1	We''ll never go back there again.
4953910	1	What''s life like for the people of Gaza?
4953914	1	What''s life like for Palestinians in Gaza?
4953920	1	Tell us what you think!
4953926	1	Tom was pacing in his room, unable to calm himself down.
4954451	1	Mary is a textile artist.
4954541	1	1.3 billion people around the world lack access to electricity.
4954568	1	Amazon wants to use drones to deliver packages.
4954617	1	Mom, I dropped my toy. Can you get it for me?
4954627	1	Each season has its own beauty.
4954672	1	Tom is a landscape designer.
4954738	1	The biologists used a hydrophone to record whale calls.
4954739	1	We need to save up.
4954795	1	The majority of the peasants living in this godforsaken village cannot read nor write.
4954799	1	When you cause problems with the wrong people, those problems will come pay you back, or come back to haunt you.
4954800	1	Mary and I aren''t enemies, but we''re not friends, either.
4954806	1	I can''t take it anymore!
4954810	1	When are you going to pay me back the money I lent you?
4954816	1	He was dazzled by her good looks.
4954818	1	Tom was dazzled by Mary''s good looks.
4954820	1	My first job was at a travel agency, and I didn''t like it much.
4954827	1	Her smile made her look even more beautiful.
4954842	1	Put a smile on your face, and you''ll certainly get lots of smiles back.
4954845	1	The tourist unfolded his map.
4954854	1	The Lone Ranger got on his horse and rode off into the sunset.
4954857	1	We''re not friends. We''re acquaintances.
4954859	1	Tom didn''t try to deny Mary''s accusation.
4954864	1	When Sarah decided to move to India and start a new life, she gave away all of her belongings.
4954866	1	We''re not friends, we''re partners.
4954869	1	We''re not friends, we''re just coworkers.
4954871	1	When talking with the police, you shouldn''t make up stories or lie.
4954876	1	I kept all his clothes from when he was a baby. Do you want them?
4955245	1	Tom and I aren''t friends. We''re just coworkers.
4955269	1	Is it true that Tom killed himself?
4955271	1	Is it true that Tom committed suicide?
4955289	1	The other girls in Mary''s class teased her about her clothes.
4955291	1	Tom seems to be an honest person.
4955314	1	Your name''s further down the list.
4955344	1	I find it difficult to understand French when it''s spoken quickly.
4955373	1	Tom is working as a waiter, but he''s looking for a better job.
4955376	1	We hardly ever see you around here anymore.
4955386	1	I don''t care if our team wins or not.
4955495	1	Sitting all day isn''t good for you.
4955510	1	Things might''ve turned out better if you hadn''t gone there.
4955685	1	When do I need to return the book?
4955686	1	When does the book need to be returned?
4956233	1	"""Hey, Zelda! What''s up? ""Nothing, Link."" ""You sure? I think you wanna kiss, huh?"" ""I think not."""
4956353	1	Rent control limits the rent that a landlord can charge for an apartment.
4956664	1	That''s just a nonsense word. It doesn''t mean anything.
4956670	1	Tom is learning JavaScript.
4956671	1	Tom bought a shawl for his mother.
4956683	1	The average rent for a Manhattan apartment is about $4,000 a month.
4956842	1	Be careful what you wish for. It just might come true.
4957015	1	I don''t want to be like that.
4957715	1	Don''t go for a walk naked!
4957806	1	I''m not saying this to hurt you, but it''s the truth.
4958202	1	The stirrup is a bone in the middle ear, between the anvil and the inner ear.
4958665	1	Cut the paper into two halves.
4958674	1	Pilots communicate with airport services by radio.
4958677	1	I saw the red light.
4958678	1	That''s what I''m hoping.
4958714	1	It seems that Tom and Miriam''s relationship is having trouble, but we really hope they work it out.
4959444	1	I don''t like rainy weather.
4959600	1	Don''t be late to school.
4959808	1	I really like you with a beard.
4960352	1	I don''t quite understand what you''re getting at.
4960495	1	Even the long neck of a giraffe contains only seven vertebrae.
4961240	1	Tom didn''t let me answer Mary''s question.
4962522	1	Tom is way off the mark.
4918001	2	Том растолстел.
4918106	2	Это предложение действительно в течение пяти дней.
4918120	2	Хочешь, пойдем вечером фильм посмотрим?
4918123	2	Я не могу посвятить тебя в свои планы.
4918600	2	У него нет ничего общего с ней.
4918641	2	Боязнь неудачи — один из самых распространенных страхов в мире.
4918684	2	Желаете бокал красного?
4918695	2	Я поделился рецептом безглютенового хлеба.
4918718	2	Он скрыл свои чувства.
4918723	2	Он любит свежую морковь.
4918793	2	Я рад, что Тома нет.
4919098	2	Мы продолжим делать это до тех пор, пока нам скажут, что мы не можем.
4919866	2	Здесь студенты бесплатно получают свои учебники.
4919890	2	На Земле скоро появятся динозавры.
4920048	2	Я вижу луну и звёзды.
4920484	2	Том боится выходить на улицу.
4920507	2	Все готовы идти.
4920610	2	Я собираюсь встретиться с Томом.
4920665	2	У Тома на лице есть шрам.
4920685	2	Никто тебя спасать не будет.
4920700	2	Всё происходит слишком быстро.
4920741	2	Во многих странах строжайшая мера наказания — смертная казнь.
4920779	2	Интересно, что происходит.
4920846	2	Скажите нам, что вы думаете.
4920925	2	Нет, я сегодня в школу не пойду.
4920996	2	Я не помню комбинацию.
4921024	2	Я думаю, Том завтра туда пойдёт.
4921238	2	Школа - это не для меня.
4921245	2	У тебя идеальное зрение.
4921251	2	Ты меня ещё немножко любишь?
4921253	2	Том любит свежую морковь.
4921257	2	После обеда я часто хожу на короткую прогулку.
4921260	2	Я сделаю это, только если ты мне поможешь.
4921304	2	Том серьезно собирается сам ехать в Бостон?
4921307	2	Понадобится время, чтобы это сделать.
4921314	2	Нам будет тяжело это сделать.
4921323	2	Мне потребуется время, чтобы это сделать.
4921415	2	Я тогда ещё жил с родителями.
4921429	2	"Кто твой любимый женский персонаж в ""Войне и мире""?"
4921500	2	Мы будем готовы до твоего приезда.
4921508	2	У Тома трое взрослых детей.
4921510	2	Растениям для роста необходим солнечный свет.
4921514	2	Выращивать редис не сложно.
4921516	2	Я хочу, чтобы все вышли.
4921523	2	Том отрастил длинную бороду.
4921528	2	Тому нужно повзрослеть.
4921530	2	Здесь выросли мои дети.
4921534	2	У неё большой дом и две машины.
4921537	2	Том поехал в Бостон с другом.
4921546	2	По-твоему, пойдёт снег?
4921581	2	2016 год был объявлен Генеральной Ассамблеей Организации Объединённых Наций Международным годом зернобобовых.
4921630	2	Я не стану называть имён.
4921647	2	Я буду скучать по Бостону.
4921649	2	Список становится только длиннее.
4921652	2	2016 год назван Международным годом зернобобовых.
4921655	2	2015 был Международным годом почв и Международным годом света и световых технологий.
4921915	2	Не следует так разговаривать с родителями.
4922304	2	Поезд простоит на этой станции около двух минут.
4922306	2	Есть такие, кто завтра прийти не сможет?
4922320	2	Пожалуйста, уберите в сумку все не относящиеся к занятию вещи.
4922322	2	Выкинь эти дурацкие мысли из головы.
4922486	2	Если вы не понимаете, поднимите руку, пожалуйста.
4922581	2	Мы созданы из вещества того же, что наши сны. И сном окружена вся наша маленькая жизнь.
4922655	2	Джейн Гудолл обнаружила, что шимпанзе являются не травоядными, а всеядными животными.
4922795	2	Вы родились в двадцатом веке или в двадцать первом?
4922833	2	У Тома был кризис веры.
4923078	2	Рыцарь пал в бою.
4923340	2	Больницы вселяют в неё ужас.
4923436	2	Мы можем открыть окна.
4923911	2	Надеюсь, что Том не ищет нас.
4924543	2	В этот миг кто-то открыл дверь моей камеры.
4924544	2	Снаружи холодно, поэтому он зашёл в комнату.
4924550	2	Я сойду с поезда на следующей станции.
4924675	2	Кто, по-твоему, величайший теннисист в истории?
4924676	2	Кто, по-твоему, величайший в истории тенниса?
4924858	2	Многое поставлено на кон.
4925072	2	Осталось всего ничего.
4925206	2	Том не победит.
4925613	2	Даже лучшие теннисисты порой срывают удары.
4925616	2	Это факт или мнение?
4925620	2	Я чётко показал, что спор ты проиграл.
4925634	2	Коккинакис спал с твоей девушкой. Извини, что говорю тебе об этом, приятель.
4926426	2	Скажи ей, что я по ней скучаю.
4926869	2	Нам уйти или остаться?
4927268	2	Она лучше меня играет в волейбол.
4927270	2	Он знает меня лучше, чем я сам себя знаю.
4927324	2	Медведь больше меня.
4927337	2	У неё было меньше свободного времени, чем у меня.
4927778	2	Я знаю, на что она способна.
4927824	2	Том станет выпускником в октябре.
4927875	2	Я приму это, как само собой разумеющееся.
4928049	2	Я лег спать в 9 вечера, но уснул в 10 вечера.
4928578	2	Он был молод и глуп.
4928583	2	Она была молода и глупа.
4928586	2	Можете показать другую комнату?
4928593	2	Я пытался всё забыть.
4928740	2	Приготовьтесь к выносу мозга.
4930124	2	Я был там счастлив.
4930799	2	Это странно, но он внезапно исчез.
4930804	2	Я не смогу пойти, как бы мне этого ни хотелось.
4930810	2	Я не знаю, что ты имеешь в виду.
4930811	2	Мне нужно подзарядить свой телефон.
4930816	2	Это самая глубокая точка озера.
4930818	2	Может, Том что-нибудь скажет.
4930821	2	Мэри сама сшила свое свадебное платье.
4930824	2	У Тома нет столько свободного времени, как у меня.
4930830	2	Я уже привык не курить.
4930836	2	Завтра они собираются пожениться.
4930838	2	Я почти никогда не смотрю телевизор.
4930841	2	Я не очень часто смотрю телевизор.
4930842	2	Ты старше Тома?
4930852	2	Ладно, как бы нам сегодня повеселиться?
4930857	2	Эти 3D очки не похожи на любые другие.
4930859	2	Давайте спросим ее, когда она вернется домой.
4930861	2	Какие фильмы ты недавно смотрел?
4930864	2	Ты хотел съесть все это в одиночку?
4930868	2	Мне трудно понимать итальянский, когда речь очень быстрая.
4930873	2	Эта школа предоставляет учебники своим ученикам.
4930875	2	Это видео нереально крутое.
4930878	2	Пожалуйста, поднимите руки, если вам понятно.
4930880	2	Мы уже давно не живем в каменном веке.
4930882	2	Том совсем вырос.
4930886	2	Я бы хотел, чтобы все просто ушли.
4930888	2	Мне понадобится еще немного денег.
4930889	2	Мне понадобится еще немного времени.
4930891	2	Ты думаешь, это скоро случится?
4930893	2	Том понимает, что пошло не так.
4931171	2	Свободу Кавказу!
4931765	2	Как ты думаешь, какой цвет ей больше нравится?
4931842	2	Давайте все поможем Тому.
4932245	2	Люблю наблюдать за реакцией людей, когда я говорю им, кто я такой.
4933443	2	Он толстеет.
4933447	2	Не желай несбыточного.
4933456	2	Всех ждала одна судьба — смерть.
4933459	2	Ожидается сильный мороз.
4933461	2	Вечером ожидаются сильные заморозки.
4933464	2	У большинства голливудских фильмов счастливый конец.
4933470	2	Пусть человек тысячу раз выступит против тысячи врагов, но лишь тогда он станет истинным победителем, когда одержит победу над самим собой.
4933490	2	Танцор из Тома отвратительный.
4933492	2	Ты такой надоедливый!
4933500	2	"""Мона Лиза"" меньше, чем я думал."
4933501	2	У тебя это займет всего минуту.
4933504	2	Мы с Томом здесь, чтобы помочь.
4933514	2	Попадание кислоты на металл провоцирует химическую реакцию.
4933517	2	Если существует способ получать удовольствие от учёбы, не мог бы ты научить меня ему?
4933533	2	Том покрасил сарай в красный цвет.
4933542	2	Джейн Гудолл установила, что шимпанзе могут использовать простейшие орудия.
4933552	2	Джейн Гудолл - приматолог и эксперт по шимпанзе.
4933594	2	Они стремятся вызвать беспокойство в обществе.
4933596	2	Я родился в Аргентине, а образование получил в Бразилии.
4933602	2	Они педалируют идею, что должна разразиться война.
4933615	2	Как думаешь, какой цвет Тому больше понравится?
4933619	2	Что изменится?
4933626	2	Куда деваются все эти деньги?
4933638	2	Это выражение весьма в китайском духе.
4933644	2	Ты прям бабка Ванга.
4933646	2	Какого хрена ты несёшь?
4933650	2	Никогда не видел причин бояться темноты.
4933653	2	Мне нравится наблюдать за реакцией людей, когда я говорю им, кто я такой.
4933654	2	Том потерял в пожаре большую часть своего имущества.
4933663	2	Том — на палубе.
4933667	2	Том — египтолог.
4933668	2	Том ужасно целуется.
4933885	2	Том и Мэри женаты более 30 лет.
4934375	2	Он в подробностях описал мне происшествие, будто сам его видел.
4934402	2	Дочке нравится сидеть у меня на плечах.
4934407	2	Как думаешь, какой цвет нравится Тому больше?
4934416	2	Его имя — ниже по списку.
4934469	2	Чтобы попасть в Бостон, вам нужно проехать дальше на юг.
4934474	2	Дом старика стоит дальше по дороге.
4934497	2	Том не купил хлеб.
4934599	2	Насколько я помню, дом Тома находится немного дальше от главной дороги.
4934695	2	Я за тебя мысленно выпью.
4934770	2	В Торе Лот отдает дочерей-девственниц на изнасилование толпе.
4934774	2	Что это за холмик посреди поля?
4934819	2	Легко заметить грехи других, свои же — трудно.
4934987	2	Давайте устроим Тому овацию.
4935026	2	Я откладываю на старость.
4935156	2	Миловидные люди привлекательны независимо от того, что на них надето.
4935602	2	Мария назвала своего пса Рексом.
4935640	2	Я повесил трубку.
4936574	2	Угадай, как его зовут.
4936596	2	Когда жена закончила собираться, автобус уже ушёл.
4936612	2	Ничего, если я открою занавеску?
4936701	2	Том часто думал о Мэри.
4936732	2	Будьте любезны, повторите своё имя.
4936737	2	Мне нравилась эта полосатая рубашка.
4936739	2	Том часто тусуется с Джоном и Мэри.
4936745	2	Тебе бы стоит провести время с друзьями.
4936751	2	Я видел несколько людей, гуляющих в парке.
4936752	2	Мы просто гуляли.
4936753	2	А ничего так.
4936757	2	Все, думаю, ошибаются.
4936808	2	Нашего экскурсовода звали Том.
4936828	2	Я нанял гида.
4936838	2	А ты совладаешь с правдой?
4936843	2	Я пытался справиться с этим сам.
4936850	2	Повсюду была вооруженная охрана.
4936857	2	Кажется, у меня большие неприятности.
4936863	2	В понедельник Том и Мэри будут отмечать тридцатую годовщину свадьбы.
4936886	2	Я не мог с тобой пойти, хоть бы и хотел.
4936900	2	Том тобой бы очень гордился.
4936909	2	В среднем женщины выше меня.
4936917	2	Завтра я куплю всё, что мне надо.
4936918	2	Том не признался в ошибке.
4936934	2	Может сойдемся на том, что не согласны?
4936953	2	Я экономлю, как могу.
4937013	2	Давай, попробуй!
4937037	2	Уверен, что это повторится.
4937041	2	Я ещё не выпустился.
4937048	2	Том только выпустился из Гарварда.
4937049	2	Мы на слово ничему не верим.
4937059	2	Поверим на слово.
4937068	2	Экономика быстро развивается.
4937069	2	У Тома три взрослых сына.
4937072	2	Список всё увеличивается.
4937096	2	Том ещё не скоро сюда доберется.
4937105	2	Я почти уверен, что снега сегодня не будет.
4937108	2	Том и Мэри отправились по магазинам.
4937136	2	Это будет сложно сделать.
4937170	2	Мы здесь пробудем до вечера.
4937186	2	Ничем-то тебя не проймешь.
4937191	2	Все в курсе происходящего.
4937204	2	Тебя кто-нибудь заметит.
4937205	2	Сердце Тома будет разбито.
4937210	2	Переговоры всё ещё ведутся.
4937245	2	Тут что-то происходит.
4937261	2	Скоро ли это случится?
4937332	2	Все будут уставшими.
4938885	2	Он очень быстро учится.
4939123	2	Вспомни, что было в прошлом году.
4939130	2	Нечто подобное случилось с Томом.
4939133	2	Том в курсе происходящего.
4939137	2	Никогда не знаешь, что произойдёт.
4939139	2	Произошло нечто невероятное.
4939140	2	Что случилось с деньгами?
4939145	2	Это никогда не должно повториться.
4939147	2	Мы знаем, что произошло потом.
4939154	2	Мне не пришлось платить.
4939166	2	Сегодня произошло нечто ужасное.
4939195	2	То же самое произошло в понедельник.
4939240	2	По-моему, у меня ребро сломано.
4939260	2	Чарльз, ты где?
4939719	2	Я бы сейчас не отказался от курицы-гриль.
4939724	2	Немного воды не помешало бы.
4939740	2	Я не это хотел тебе показать.
4939754	2	Я не это хотел тебе сказать.
4939837	2	Что случилось на прошлой неделе?
4939892	2	Я хочу выиграть время.
4940004	2	Я это в шутку сказал.
4940005	2	Я шутил, когда говорил это.
4940006	2	Да, людей без недостатков не бывает.
4940008	2	Очевидно, что ты прав.
4940470	2	Пожалуйста, не кричи.
4940764	2	Эта клетка предназначена для защиты от акул?
4941106	2	Крым — это Украина!
4942312	2	Знаешь фильм «Аватар»?
4942452	2	Насколько мне известно, у них нет детей.
4942516	2	Мэри выпивает только за компанию.
4942518	2	Том выпивает только за компанию.
4942532	2	Я предупредил, чтобы они сюда не приходили.
4942534	2	Я предупредил, чтобы она сюда не приходила.
4942535	2	Я предупредил, чтобы он сюда не приходил.
4942544	2	Мэри хорошая портниха.
4942549	2	Нам надо перекрасить сарай.
4943332	2	Ненавижу тех, кто так говорит.
4943339	2	Ему повезло успеть на поезд.
4943387	2	Я не могу их различить.
4943388	2	Он живёт в Нью-Йорке.
4943391	2	Том ходил взад-вперёд по комнате, не в силах успокоиться.
4943395	2	Пожалуйста, делайте то, что посчитаете нужным.
4943398	2	За зимой приходит весна.
4943399	2	Как мы можем преодолеть этот кризис?
4943421	2	Мокрая одежда липнет к коже.
4943426	2	Мышь бегала под кроватью туда-сюда.
4943427	2	Я их не различаю.
4943431	2	У неё есть чёрная собачка.
4943435	2	Не теряй время даром, надевай свои треккинговые ботинки.
4943436	2	Беженцы страдали физически и морально.
4943442	2	Человек не может разучиться ездить на велосипеде.
4943443	2	Я лучше пойду пешком, чем останусь ждать автобус.
4943447	2	Укрощение мощи приливов пошло бы на пользу прибрежным населённым пунктам.
4943941	2	Не могли бы вы уменьшить громкость телевизора?
4944026	2	Слышите кошку? Она хочет домой.
4944263	2	Я сам это не сделаю. Нужно, чтобы ты мне помог.
4944273	2	Он любовь моей жизни.
4944275	2	Она любовь моей жизни.
4944359	2	Он был любовью её жизни.
4944361	2	Она часто говорила, что он любовь её жизни.
4944362	2	Она была любовью его жизни.
4944367	2	Панацеи нет.
4944399	2	"Том получил ""Оскар"" за лучшую мужскую роль второго плана."
4944407	2	Он не только по-английски говорит, но и по-французски.
4944554	2	У Тома диагностировали СДВГ.
4944555	2	Мэри — неработающая мама.
4944804	2	У тебя большая семья?
4944875	2	Теперь я доволен!
4945250	2	Он всегда повторяет одну и ту же ошибку.
4945840	2	Том раздет до пояса.
4946524	2	Жизнь и смерть — две стороны одной монеты.
4946579	2	Я их высадил у аэропорта.
4946687	2	Тому удалось найти новую работу в Бостоне.
4946689	2	Если мне не удастся в течение шести месяцев найти новую работу в Бостоне, я вернусь в Чикаго.
4946795	2	Он разговаривал с девушкой.
4946798	2	Вчера в ресторане я видел Тома. Он разговаривал с девушкой.
4946803	2	Том сказал, что не хочет, чтобы его беспокоили.
4946807	2	Том был найден в собственном кабинете мёртвым.
4946811	2	Кто мог так ужасно поступить?
4946860	2	Том сумел найти новую работу в Бостоне.
4946885	2	Том и Мэри построили на заднем дворе снежную крепость.
4946898	2	Где ты нашла это платье?
4946903	2	Эта картина — подделка.
4946995	2	Она отдохнула у бассейна.
4947139	2	Всё равно я хотел его продать.
4947159	2	Всё равно я хотел купить новый.
4947162	2	Всё равно я хотел его заменить.
4947169	2	В доме было очень пыльно.
4947189	2	Она очаровательно выглядела.
4947192	2	Моё сердце было исполнено радости.
4947308	2	"Мэри была похожа на Белль из ""Красавицы и Чудовища""."
4947462	2	Я знал, что в детстве она хорошо рисовала.
4947704	2	Он не тот, за кого его принимают эти люди.
4947707	2	Корабль бесследно исчез.
4947708	2	У меня есть орхидеи разных форм и цветов.
4947709	2	Ей это смешным не показалось.
4947710	2	Ему это смешным не показалось.
4947713	2	Другие девочки дразнили её из-за того, как она одевалась.
4947716	2	Я не хочу это сейчас обсуждать.
4947717	2	Давай не будем это сейчас обсуждать.
4947725	2	У Барби светлые волосы и голубые глаза.
4947732	2	Нам нужно обсудить это с Томом.
4947733	2	Давай это за обедом обсудим.
4947873	2	Дизельный двигатель был изобретен Рудольфом Дизелем.
4947881	2	Мы знали, что Том не опоздает.
4947884	2	Когда Том в последний раз опаздывал?
4947891	2	Том — колокольных дел мастер.
4947893	2	Том — литейщик колоколов.
4947895	2	Том сказал, что ему это смешным не кажется.
4947905	2	Во многих автомобилях поначалу использовалась рукоятка вместо рулевого колеса.
4948130	2	В Осло хотят в течение четырех лет полностью закрыть центр для машин.
4948138	2	Он растолстел.
4948139	2	Ты не знаешь, что такое эсперанто?
4948144	2	Вся страна об этом говорит.
4948173	2	Я высадил Тома у аэропорта.
4948174	2	Маловероятно, что Том опоздает.
4948176	2	Амадей Болле в 1873 году построил один из первых автомобилей на паровом ходу.
4948193	2	"""Закон о локомотивах"" от 1865 года приписывал перед каждым автомобилем идти человеку, размахивающему красным флагом и подающему звуковой сигнал."
4948205	2	Первый автомобиль, работающий на бензине, был изобретён в 1886 году Карлом Бенцем.
4948341	2	Тебе предстоит ещё многое узнать о женщинах.
4948342	2	Тебе предстоит ещё многое узнать о мужчинах.
4948345	2	У Тома высокие моральные устои.
4948347	2	Меня редко приглашают на вечеринки.
4948351	2	Тебе нужно многое узнать о женщинах.
4949052	2	Я позвоню тебе, когда доберусь до Бостона.
4949054	2	Я позвоню тебе, когда приеду в Бостон.
4949060	2	Нам стоит обсудить это наедине.
4949069	2	Давайте обсудим, какие у нас есть варианты.
4949074	2	Почему ты ещё не спишь? Тебе пора бы в кровать.
4949080	2	Мне ничего не пришлось делать.
4949082	2	Могу ли я сходить купить мороженого?
4949083	2	Можно я схожу купить мороженого?
4949084	2	Это скоро произойдёт.
4949085	2	Такое уже случалось на моих глазах.
4949086	2	Сию минуту это не произойдёт.
4949089	2	Теперь мы знаем, что произошло.
4949093	2	Возможно, так и произошло.
4949094	2	Том уверен, что это произойдёт.
4949097	2	Со мной такого никогда не случалось.
4949099	2	Это может никогда не повториться.
4949104	2	Том сказал, что ты не пойдёшь.
4949131	2	Ты понятия не имеешь, о чём говоришь.
4949172	2	В тот же день, как я женился, умерла моя мать.
4949713	2	Всё своё свободное время она посвящала рыбалке.
4949867	2	Моя мать умерла в тот же день, когда я вышла замуж.
4949970	2	Я знаю, ты этого терпеть не можешь.
4949989	2	Я это много раз слышал.
4949990	2	Это очень приятно слышать.
4949992	2	Собрание продлилось один час.
4949994	2	Неудивительно, что Том нас ненавидит.
4950014	2	Клеопатра была очень умна. Она говорила по меньшей мере на девяти языках.
4950019	2	Том выглядел больным.
4950045	2	Я как-нибудь найду деньги.
4950048	2	Прости. Мне не надо было это говорить.
4950120	2	Желание походить на свою Барби было самой большой мечтой Мэри. Злой джинн истолковал это желание буквально.
4950429	2	Том ненавидит, когда его оставляют одного.
4950430	2	Том ненавидит свою крохотную спальню.
4950631	2	Она залила расплавленный свинец в литник.
4950797	2	Если бы ты сделал это для меня, это бы очень помогло.
4950805	2	Смех помогает облегчить боль.
4950806	2	Всё, что вы вспомните, может помочь.
4950848	2	Том всегда готов помочь.
4950851	2	Тому нужно помочь.
4950860	2	Том говорит, что ему нужна помощь.
4950863	2	Они говорят, что им нужна помощь.
4950864	2	Мы готовы тебе помочь.
4950873	2	Том меня очень выручил.
4950874	2	Спасибо, что выручил.
4950877	2	Спасибо тебе за помощь, Том.
4950878	2	Помощь уже идёт.
4950885	2	Мы помогаем друг другу.
4950890	2	Том помогает Мэри?
4950891	2	Мне кто-нибудь поможет?
4950892	2	Том пытался нам помочь.
4950893	2	Нам никто не помогал.
4950897	2	По-моему, Тому нужна помощь.
4950901	2	Пожалуйста, помоги, если можешь.
4950904	2	Интересно, что об этом думает Том.
4950911	2	Интересно, что об этом подумал бы Том.
4951207	2	Что конкретно ты пытаешься доказать?
4951758	2	Вы очень помогли.
4951951	2	Мы с Томом очень близкие друзья.
4952100	2	Том учится программированию.
4953469	2	Будем надеяться, что мы выиграем.
4953472	2	Надеюсь, Том это сделает.
4953476	2	Надеюсь, никто не ранен.
4953478	2	Надеюсь, Том проиграет.
4953481	2	Надеемся, тебе понравится.
4953484	2	Очень надеюсь, что я ошибаюсь.
4953486	2	Я втайне на это надеюсь.
4953756	2	«Вот, теперь я был с тобой полностью откровенен». — «Откровенен, хрен там! Я не верю ни одному твоему слову».
4953816	2	Извини, я что-то не понимаю.
4953819	2	Прошу простить мне моё негодное произношение.
4953907	2	Мы никогда туда больше не вернёмся.
4953933	2	Я хотел ещё поговорить, но она повесила трубку.
4954394	2	Как живётся людям в секторе Газа?
4954395	2	Как живётся палестинцам в Газе?
4954635	2	У каждого времени года своя красота.
4954637	2	Мам, я игрушку уронил. Можешь мне её достать?
4954874	2	Разговаривая с полицией, тебе лучше ничего не выдумывать и не врать.
4954877	2	Переезжая в Индию и начиная новую жизнь, Сара раздала всё своё имущество.
4954878	2	Одинокий рейнджер сел на своего коня и поскакал на запад.
4954879	2	Улыбайся, и получишь множество ответных улыбок.
4954881	2	Вначале я работал в туристическом агентстве, но мне там не понравилось.
4954882	2	Когда собираешься вернуть мне одолженные тобой деньги?
4954883	2	Если ты по ошибке создал проблемы другим, то эти проблемы вернутся к тебе самому или будут преследовать тебя.
4954884	2	Джон сказал, что встретил этого человека на конференции.
4955146	2	Турист развернул карту.
4955168	2	Мы надеемся, что это неправда.
4955187	2	Мы не друзья, а просто коллеги.
4955190	2	Я так больше не могу!
4955192	2	Мы с Мэри не враги, но и не друзья.
4955194	2	То есть, ты меня любишь?
4955196	2	То есть, ты меня разлюбил?
4955198	2	Я не хочу быть жестоким.
4955215	2	Не мучай меня больше, пожалуйста.
4955217	2	С тобой всё нормально. Это не твоя вина.
4955250	2	Мы с Томом не друзья. Мы просто коллеги.
4955307	2	Правда, что Том покончил с собой?
4955321	2	Твое имя далее по списку.
4955326	2	Люди должны перестать ненавидеть.
4955446	2	"""Где ты обедал?"" - ""В ресторане""."
4955663	2	Это происходило каждое утро.
4955665	2	Такого рода вещи происходят каждый день.
4955668	2	То, что произошло, было недоразумением.
4955695	2	Когда книгу нужно вернуть?
4955697	2	Когда мне нужно вернуть книгу?
4955703	2	Не говори гадости.
4955707	2	Я бы хотел, чтобы ты мне доверял.
4955717	2	Гасят свет. Спектакль вот-вот начнётся.
4955737	2	Нам нужно откладывать деньги.
4955809	2	Не кури так много.
4955831	2	Не кури так сильно.
4955913	2	Улыбка делала её ещё красивее.
4955915	2	Мне всё равно, выиграет наша команда или нет.
4956237	2	«Эй, Зельда! Как дела?» — «Да ничего, Линк». — «Думаешь? А по-моему, тебя б поцеловать, а?» — «По-моему, нет».
4957646	2	Сегодня пятница. Выходные начнутся уже завтра!
4958294	2	Стремечко — кость среднего уха, расположенная между наковальней и внутренним ухом.
4958301	2	Не ходи гулять голым!
4958302	2	Я не хочу таким быть.
4958305	2	Будь осторожен в своих желаниях. Они могут сбыться.
4958340	2	Средняя арендная плата за квартиру в Манхэттене составляет около четырёх тысяч долларов в месяц.
4958385	2	Том купил для матери шаль.
4958394	2	Том изучает JavaScript.
4958405	2	Это просто бессмысленное слово. Оно ничего не означает.
4958496	2	Регулирование арендной платы ограничивает сумму, которую арендодатель имеет право взимать за квартиру.
4958515	2	Мы не друзья, мы партнёры.
4958545	2	Том не пытался отрицать обвинения Мэри.
4958547	2	Мы не друзья. Мы знакомые.
4958570	2	Я сохранил всю его детскую одежду. Она тебе нужна?
4958576	2	Том был ослеплён красотой Мэри.
4958577	2	Он был ослеплён её красотой.
4958590	2	Биологи использовали гидрофон, чтобы записать крики китов.
4958592	2	Ни читать, ни писать большинство жителей этого богом забытого села не умеет.
4958596	2	Том — ландшафтный дизайнер.
4958601	2	В Amazon хотят использовать беспилотники для доставки посылок.
4958607	2	1,3 миллиарда человек по всему миру не имеют доступа к электричеству.
4958608	2	Мэри — художник по текстилю.
4958611	2	Новый ассистент Тома умеет очень быстро печатать.
4958616	2	Том умеет быстро печатать.
4958617	2	Почему ты так с собой поступаешь?
4958666	2	Разрежь бумагу на половинки.
4958682	2	Пилоты поддерживают связь с аэропортовыми службами по радио.
4958718	2	Кажется, в отношениях Тома и Мириам есть проблемы, но мы надеемся, что они действительно помирятся.
4959103	2	Я на это и надеюсь.
4959472	2	Не люблю дождливую погоду.
4959528	2	Я так говорю не для того, чтобы задеть тебя, а потому что это правда.
4959540	2	Всё могло бы обернуться в лучшую сторону, если бы ты туда не уехал.
4959549	2	Я видел красный свет.
4959586	2	Мне сложно понимать французский, когда на нём быстро говорят.
4959593	2	Том работает официантом, но ищет работу получше.
4959594	2	Мы тебя здесь почти никогда не видим.
4959595	2	Тебе вредно сидеть целый день.
4959607	2	Не будем никогда терять надежду!
4959609	2	Не опаздывай в школу.
4959612	2	Девочки из класса Мэри дразнили её за одежду.
4959613	2	Том кажется честным человеком.
4959619	2	Надеюсь тебя там увидеть.
4959628	2	Надеюсь, здесь всё правильно.
4959633	2	Надеюсь, тебе нравится.
4959637	2	Надеюсь, это не правда.
4959641	2	На это я и надеюсь.
4959644	2	Мне полагается оставаться здесь всю вторую половину дня.
4960025	2	Ты мне с бородой очень нравишься.
4960353	2	Я не совсем понимаю, к чему вы клоните.
4960501	2	Даже длинная шея жирафа состоит всего из семи позвонков.
4962214	2	Том не дал мне ответить на вопрос Мэри.
4962525	2	Том попал пальцем в небо.
